תאריך,הפעולה,פרטים,מהות הפעולה,רווח
25/04/2025,כאל,כאל,כרטיס אשראי,-48.72
23/04/2025,ביטוח לאומי,ביטוח לאומי,ביטוח לאומי,-3295.0
22/04/2025,כאל,כאל,כרטיס אשראי,-11.36
20/04/2025,כאל,כאל,כרטיס אשראי,-75.96
15/04/2025,כאל,כאל,כרטיס אשראי,-37.92
08/04/2025,כאל,כאל,כרטיס אשראי,-112.53
06/04/2025,כאל,כאל,כרטיס אשראי,-5.13
03/04/2025,ע.מפעולות-ישיר,ע.מפעולות-ישיר,עמלות חשבון,-9.62
02/04/2025,כאל,כאל,כרטיס אשראי,-1322.46
02/04/2025,העברה נכנסת,סיליקון אדוויס והשקעות ב,משכורת,15000.0
31/03/2025,כאל,כאל,כרטיס אשראי,-185.75
25/03/2025,כאל,כאל,כרטיס אשראי,-31.24
23/03/2025,ביטוח לאומי,ביטוח לאומי,ביטוח לאומי,-3295.0
20/03/2025,"מע""מ","מע""מ",מעמ,-4455.0
20/03/2025,מס הכנסה עצמאי,מס הכנסה עצמאי,מס הכנסה,-3178.0
18/03/2025,ביטוח לאומי,ביטוח לאומי,ביטוח לאומי,-107.0
18/03/2025,כאל,כאל,כרטיס אשראי,-75.38
17/03/2025,כאל,כאל,כרטיס אשראי,114.3
16/03/2025,כאל,כאל,כרטיס אשראי,65.48
10/03/2025,כאל,כאל,כרטיס אשראי,-36.33
09/03/2025,כאל,כאל,כרטיס אשראי,-228.75
06/03/2025,כאל,כאל,כרטיס אשראי,-99.66
06/03/2025,העברה נכנסת,סיליקון אדוויס והשקעות ב,משכורת,15000.0
05/03/2025,כאל,כאל,כרטיס אשראי,-80.47
04/03/2025,כאל,כאל,כרטיס אשראי,16.89
03/03/2025,ע.מפעולות-ישיר,ע.מפעולות-ישיר,עמלות חשבון,-16.62
02/03/2025,כאל,כאל,כרטיס אשראי,-1168.15
28/02/2025,כאל,כאל,כרטיס אשראי,-138.28
27/02/2025,כאל,כאל,כרטיס אשראי,-207.22
26/02/2025,כאל,כאל,כרטיס אשראי,-7.37
25/02/2025,כאל,כאל,כרטיס אשראי,-1492.87
24/02/2025,מס הכנסה עצמאי,מס הכנסה עצמאי,מס הכנסה,-3178.0
23/02/2025,ביטוח לאומי,ביטוח לאומי,ביטוח לאומי,-3293.0
23/02/2025,כאל,כאל,כרטיס אשראי,-532.64
20/02/2025,כאל,כאל,כרטיס אשראי,-179.41
18/02/2025,כאל,כאל,כרטיס אשראי,-64.03
17/02/2025,כאל,כאל,כרטיס אשראי,-2344.02
14/02/2025,העברה יוצאת,בר-חן ליאור ו/או לירון,העברה יוצאת,-9000.0
14/02/2025,העברה יוצאת,יעל בר-חן,העברה יוצאת,-9250.0
13/02/2025,כאל,כאל,כרטיס אשראי,-377.15
12/02/2025,כאל,כאל,כרטיס אשראי,177.09
10/02/2025,כאל,כאל,כרטיס אשראי,-1468.35
09/02/2025,כאל,כאל,כרטיס אשראי,-50.35
07/02/2025,כאל,כאל,כרטיס אשראי,-226.61
05/02/2025,העברה נכנסת,סיליקון אדוויס והשקעות ב,משכורת,15000.0
04/02/2025,כאל,כאל,כרטיס אשראי,-487.16
03/02/2025,ע.מפעולות-ישיר,ע.מפעולות-ישיר,עמלות חשבון,-13.11
03/02/2025,העברה נכנסת,"קולמקס פרו בע""",העברה נכנסת,8663.85
02/02/2025,כאל,כאל,כרטיס אשראי,-873.41
30/01/2025,כאל,כאל,כרטיס אשראי,-13.89
28/01/2025,כאל,כאל,כרטיס אשראי,-494.4
27/01/2025,כאל (תאריך ערך: 26/01),כאל (תאריך ערך: 26/01),כרטיס אשראי,-76.74
23/01/2025,כאל,כאל,כרטיס אשראי,-4.55
23/01/2025,"ע' העברת מט""ח", עבור: karken,העברה יוצאת,-85.81
23/01/2025,מטח-קניה,מטח-קניה,העברה יוצאת,-3591.6
22/01/2025,ביטוח לאומי,ביטוח לאומי,ביטוח לאומי,-3068.0
22/01/2025,מס הכנסה עצמאי,מס הכנסה עצמאי,מס הכנסה,-111.0
22/01/2025,כאל,כאל,כרטיס אשראי,-129.73
20/01/2025,"מע""מ","מע""מ",מעמ,-1283.0
19/01/2025,כאל,כאל,כרטיס אשראי,-61.67
17/01/2025,כאל,כאל,כרטיס אשראי,-619.2
15/01/2025,כאל,כאל,כרטיס אשראי,-57.95
15/01/2025,העברה נכנסת,בר-חן יעל,העברה נכנסת,370.0
13/01/2025,העברה נכנסת,סיליקון אדוויס והשקעות ב,משכורת,15000.0
12/01/2025,כאל,כאל,כרטיס אשראי,-34.36
10/01/2025,כאל,כאל,כרטיס אשראי,-96.02
08/01/2025,כאל,כאל,כרטיס אשראי,-237.51
05/01/2025,כאל,כאל,כרטיס אשראי,-31.59
03/01/2025,ע.מפעולות-ישיר,ע.מפעולות-ישיר,עמלות חשבון,-11.36
02/01/2025,כאל,כאל,כרטיס אשראי,-3619.93
01/01/2025,העברה יוצאת,רו ח יעקב כהן,רואה חשבון,-468.0
26/12/2024,כאל,כאל,כרטיס אשראי,-37.69
25/12/2024,כאל,כאל,כרטיס אשראי,-1.88
25/12/2024,העברה יוצאת,רז גמליאל,העברה יוצאת,-100.0
23/12/2024,כאל,כאל,כרטיס אשראי,-11.67
23/12/2024,העברה יוצאת,קולמקס פרו,העברה יוצאת,-365.0
23/12/2024,העברה יוצאת,אלטשולר שחם השתלמות,העברה יוצאת,-6500.0
22/12/2024,ביטוח לאומי,ביטוח לאומי,ביטוח לאומי,-3068.0
15/12/2024,העברה נכנסת,בר-חן יעל,העברה נכנסת,370.0
13/12/2024,כאל,כאל,כרטיס אשראי,-89.8
12/12/2024,כאל,כאל,כרטיס אשראי,-7.7
04/12/2024,כאל,כאל,כרטיס אשראי,-91.89
03/12/2024,ע.מפעולות-ישיר,ע.מפעולות-ישיר,עמלות חשבון,-9.61
03/12/2024,העברה נכנסת,סיליקון אדוויס והשקעות ב,משכורת,5000.0
02/12/2024,כאל,כאל,כרטיס אשראי,-353.9
02/12/2024,בטוח לאומי חד, עבור: בר-חן י מזהה 211996954,העברה נכנסת,11438.0
01/12/2024,העברה יוצאת,רו ח יעקב כהן,רואה חשבון,-468.0
28/11/2024,כאל,כאל,כרטיס אשראי,-470.48
24/11/2024,כאל,כאל,כרטיס אשראי,-38.36
22/11/2024,ביטוח לאומי,ביטוח לאומי,ביטוח לאומי,-4188.0
20/11/2024,"מע""מ","מע""מ",מעמ,-2711.0
15/11/2024,העברה נכנסת,בר-חן יעל,העברה נכנסת,370.0
13/11/2024,כאל,כאל,כרטיס אשראי,-127.19
12/11/2024,העברה יוצאת,קולמקס פרו,העברה יוצאת,-366.0
10/11/2024,כאל,כאל,כרטיס אשראי,-48.68
06/11/2024,כאל,כאל,כרטיס אשראי,-135.29
05/11/2024,העברה נכנסת,סיליקון אדוויס והשקעות ב,משכורת,5000.0
04/11/2024,ע.מפעולות-ישיר,ע.מפעולות-ישיר,עמלות חשבון,-9.6
03/11/2024,כאל,כאל,כרטיס אשראי,-599.18
01/11/2024,העברה יוצאת,רו ח יעקב כהן,רואה חשבון,-468.0
29/10/2024,העברה נכנסת,יאיר בר חן,העברה נכנסת,130.0
28/10/2024,כאל,כאל,כרטיס אשראי,-116.69
27/10/2024,העברה יוצאת,קולמקס פרו,העברה יוצאת,-1150.0
25/10/2024,ביטוח לאומי,ביטוח לאומי,ביטוח לאומי,-4188.0
22/10/2024,כאל,כאל,כרטיס אשראי,-88.79
15/10/2024,כאל,כאל,כרטיס אשראי,-189.44
15/10/2024,העברה נכנסת,בר-חן יעל,העברה נכנסת,370.0
14/10/2024,כאל,כאל,כרטיס אשראי,-125.63
13/10/2024,כאל,כאל,כרטיס אשראי,-66.25
06/10/2024,כאל,כאל,כרטיס אשראי,-816.2
06/10/2024,ע.מפעולות-ישיר,ע.מפעולות-ישיר,עמלות חשבון,-13.99
06/10/2024,העברה נכנסת,סיליקון אדוויס והשקעות ב,משכורת,5000.0
02/10/2024,כאל,כאל,כרטיס אשראי,-2987.28
01/10/2024,העברה יוצאת,רו ח יעקב כהן,רואה חשבון,-468.0
26/09/2024,כאל,כאל,כרטיס אשראי,-38.67
23/09/2024,כאל,כאל,כרטיס אשראי,-178.6
23/09/2024,העברה נכנסת,זפרני אברהם,העברה נכנסת,500.0
22/09/2024,ביטוח לאומי,ביטוח לאומי,ביטוח לאומי,-4188.0
20/09/2024,"מע""מ","מע""מ",מעמ,-11291.0
19/09/2024,כאל,כאל,כרטיס אשראי,-3.88
15/09/2024,כאל,כאל,כרטיס אשראי,-30.52
15/09/2024,העברה נכנסת,יעל בר חן,העברה נכנסת,120.0
13/09/2024,כאל,כאל,כרטיס אשראי,-155.66
12/09/2024,כאל,כאל,כרטיס אשראי,-549.29
10/09/2024,כאל,כאל,כרטיס אשראי,-76.41
09/09/2024,כאל,כאל,כרטיס אשראי,-89.94
08/09/2024,כאל,כאל,כרטיס אשראי,-157.76
06/09/2024,כאל,כאל,כרטיס אשראי,-151.82
05/09/2024,כאל,כאל,כרטיס אשראי,-119.19
04/09/2024,כאל,כאל,כרטיס אשראי,-95.58
03/09/2024,ע.מפעולות-ישיר,ע.מפעולות-ישיר,עמלות חשבון,-8.72
03/09/2024,העברה נכנסת,סיליקון אדוויס והשקעות ב,משכורת,15000.0
02/09/2024,כאל,כאל,כרטיס אשראי,-8158.47
02/09/2024,העברה נכנסת,אברהם הרמן,העברה נכנסת,1700.0
01/09/2024,העברה יוצאת,רו ח יעקב כהן,רואה חשבון,-468.0
01/09/2024,כאל,כאל,כרטיס אשראי,-125.65
30/08/2024,בטוח לאומי חד, עבור: בר-חן י מזהה 211996954,העברה נכנסת,22.0
25/08/2024,הפק מזומן-בנקט,הפק מזומן-בנקט,העברה נכנסת,5000.0
22/08/2024,ביטוח לאומי,ביטוח לאומי,ביטוח לאומי,-4188.0
20/08/2024,העברה יוצאת,נסים איתן,העברה יוצאת,-7000.0
18/08/2024,כאל,כאל,כרטיס אשראי,-1911.35
14/08/2024,כאל,כאל,כרטיס אשראי,-87.05
08/08/2024,העברה נכנסת,"כפיים מרתפי יין בע""מ",העברה נכנסת,892.0
05/08/2024,כאל,כאל,כרטיס אשראי,-626.78
04/08/2024,כאל,כאל,כרטיס אשראי,-201.24
04/08/2024,ע.מפעולות-ישיר,ע.מפעולות-ישיר,עמלות חשבון,-15.74
02/08/2024,כאל,כאל,כרטיס אשראי,-6802.14
02/08/2024,העברה נכנסת,סיליקון אדוויס והשקעות ב,משכורת,39600.0
01/08/2024,העברה יוצאת,רו ח יעקב כהן,רואה חשבון,-468.0
26/07/2024,כאל,כאל,כרטיס אשראי,-601.42
25/07/2024,כאל,כאל,כרטיס אשראי,-418.74
25/07/2024,העברה יוצאת,אורל צימל,העברה יוצאת,-6000.0
24/07/2024,העברה נכנסת,בר-חן יוסף,העברה נכנסת,850.0
23/07/2024,העברה נכנסת,רונה בר חן,העברה נכנסת,65.0
22/07/2024,ביטוח לאומי,ביטוח לאומי,ביטוח לאומי,-11360.0
22/07/2024,ביטוח לאומי,ביטוח לאומי,ביטוח לאומי,-4188.0
21/07/2024,"מע""מ","מע""מ",מעמ,-10508.0
21/07/2024,מס הכנסה עצמאי,מס הכנסה עצמאי,מס הכנסה,-30225.0
16/07/2024,העברה יוצאת,יאיר ברחן,העברה יוצאת,-40000.0
15/07/2024,כאל,כאל,כרטיס אשראי,-140.16
14/07/2024,כאל,כאל,כרטיס אשראי,-579.38
11/07/2024,העברה יוצאת,קולמקס פרו,העברה יוצאת,-3700.0
09/07/2024,כאל,כאל,כרטיס אשראי,-89.71
09/07/2024,העברה נכנסת,חשבון,אחר,40000.0
05/07/2024,כאל,כאל,כרטיס אשראי,-143.97
03/07/2024,ע.מפעולות-ישיר,ע.מפעולות-ישיר,עמלות חשבון,-13.12
02/07/2024,כאל,כאל,כרטיס אשראי,-1053.0
02/07/2024,העברה נכנסת,אברהם זפרני,העברה נכנסת,400.0
02/07/2024,העברה נכנסת,סיליקון אדוויס והשקעות ב,משכורת,39600.0
01/07/2024,העברה יוצאת,רו ח יעקב כהן,רואה חשבון,-468.0
01/07/2024,כאל,כאל,כרטיס אשראי,-144.66
30/06/2024,כאל,כאל,כרטיס אשראי,-867.96
25/06/2024,העברה נכנסת,חני לאופר,העברה נכנסת,500.0
23/06/2024,ביטוח לאומי,ביטוח לאומי,ביטוח לאומי,-3352.0
23/06/2024,כאל,כאל,כרטיס אשראי,-102.63
19/06/2024,כאל,כאל,כרטיס אשראי,-225.75
18/06/2024,כאל,כאל,כרטיס אשראי,-6.58
18/06/2024,העברה נכנסת,בר יצחקי,העברה נכנסת,490.0
16/06/2024,כאל,כאל,כרטיס אשראי,-354.98
14/06/2024,כאל,כאל,כרטיס אשראי,-170.64
13/06/2024,כאל,כאל,כרטיס אשראי,-2741.84
10/06/2024,כאל,כאל,כרטיס אשראי,-123.45
09/06/2024,כאל,כאל,כרטיס אשראי,-571.04
07/06/2024,כאל,כאל,כרטיס אשראי,-427.77
06/06/2024,כאל,כאל,כרטיס אשראי,-1133.68
05/06/2024,כאל,כאל,כרטיס אשראי,-238.3
05/06/2024,העברה נכנסת,בראשית גדעון בן,העברה נכנסת,100.0
04/06/2024,כאל,כאל,כרטיס אשראי,-268.49
04/06/2024,העברה נכנסת,סיליקון אדוויס והשקעות ב,משכורת,35640.0
03/06/2024,ע.מפעולות-ישיר,ע.מפעולות-ישיר,עמלות חשבון,-21.86
02/06/2024,כאל,כאל,כרטיס אשראי,-9309.74
31/05/2024,העברה יוצאת,רו ח יעקב כהן,רואה חשבון,-468.0
31/05/2024,כאל,כאל,כרטיס אשראי,-164.43
31/05/2024,העברה נכנסת,יוסף ברחן,העברה נכנסת,50.0
30/05/2024,כאל,כאל,כרטיס אשראי,-175.18
29/05/2024,כאל,כאל,כרטיס אשראי,-206.51
28/05/2024,כאל,כאל,כרטיס אשראי,5.62
27/05/2024,"מע""מ","מע""מ",מעמ,-10143.0
27/05/2024,כאל,כאל,כרטיס אשראי,-18.82
26/05/2024,כאל,כאל,כרטיס אשראי,-596.76
24/05/2024,מס הכנסה עצמאי,מס הכנסה עצמאי,מס הכנסה,-31815.0
23/05/2024,כאל,כאל,כרטיס אשראי,-486.98
22/05/2024,ביטוח לאומי,ביטוח לאומי,ביטוח לאומי,-3352.0
22/05/2024,כאל,כאל,כרטיס אשראי,-482.87
20/05/2024,כאל,כאל,כרטיס אשראי,-1114.23
19/05/2024,כאל,כאל,כרטיס אשראי,-960.14
17/05/2024,כאל,כאל,כרטיס אשראי,409.03
15/05/2024,כאל,כאל,כרטיס אשראי,-656.21
13/05/2024,כאל,כאל,כרטיס אשראי,-55.72
12/05/2024,כאל,כאל,כרטיס אשראי,-1854.37
10/05/2024,כאל,כאל,כרטיס אשראי,-398.2
09/05/2024,כאל,כאל,כרטיס אשראי,-384.28
08/05/2024,כאל,כאל,כרטיס אשראי,-441.36
07/05/2024,כאל,כאל,כרטיס אשראי,-57.23
06/05/2024,כאל,כאל,כרטיס אשראי,-69.46
05/05/2024,כאל,כאל,כרטיס אשראי,-61.65
03/05/2024,ע.מפעולות-ישיר,ע.מפעולות-ישיר,עמלות חשבון,-9.61
02/05/2024,כאל,כאל,כרטיס אשראי,-7099.31
02/05/2024,העברה נכנסת,סיליקון אדוויס והשקעות ב,משכורת,39600.0
01/05/2024,העברה יוצאת,רו ח יעקב כהן,רואה חשבון,-468.0
01/05/2024,העברה נכנסת,עופרי טל-אל יצחק,העברה נכנסת,3780.0
30/04/2024,כאל,כאל,כרטיס אשראי,-322.78
30/04/2024,הזמנת מטח מראש, עבור: יהונתן בר-חן,העברה יוצאת,-8220.0
28/04/2024,העברה נכנסת,אריאל אונגר,העברה נכנסת,1500.0
25/04/2024,העברה נכנסת,אייל פינגר,העברה נכנסת,600.0
24/04/2024,כאל,כאל,כרטיס אשראי,-1245.66
24/04/2024,העברה נכנסת,אייל פינגר,העברה נכנסת,180.0
22/04/2024,ביטוח לאומי,ביטוח לאומי,ביטוח לאומי,-3352.0
22/04/2024,כאל,כאל,כרטיס אשראי,-436.77
15/04/2024,העברה יוצאת,"וולקן תעשיות רכב בע""מ",העברה יוצאת,-480.0
14/04/2024,כאל,כאל,כרטיס אשראי,-618.54
14/04/2024,כאל,כאל,כרטיס אשראי,1209.34
12/04/2024,כאל,כאל,כרטיס אשראי,-287.67
09/04/2024,כאל,כאל,כרטיס אשראי,-147.67
08/04/2024,כאל,כאל,כרטיס אשראי,-144.24
07/04/2024,העברה נכנסת,זיו ברמן,העברה נכנסת,30.0
04/04/2024,כאל,כאל,כרטיס אשראי,-9.7
03/04/2024,ע.מפעולות-ישיר,ע.מפעולות-ישיר,עמלות חשבון,-9.62
03/04/2024,העברה נכנסת,אלחנה בן סימון,העברה נכנסת,2575.0
03/04/2024,העברה נכנסת,סיליקון אדוויס והשקעות ב,משכורת,39600.0
02/04/2024,כאל,כאל,כרטיס אשראי,-12048.68
01/04/2024,העברה יוצאת,רו ח יעקב כהן,רואה חשבון,-468.0
31/03/2024,כאל,כאל,כרטיס אשראי,-283.32
25/03/2024,כאל,כאל,כרטיס אשראי,-418.17
22/03/2024,כאל,כאל,כרטיס אשראי,-280.36
20/03/2024,"מע""מ","מע""מ",מעמ,-11157.0
20/03/2024,מס הכנסה עצמאי,מס הכנסה עצמאי,מס הכנסה,-31815.0
12/03/2024,כאל,כאל,כרטיס אשראי,-53.83
08/03/2024,כאל,כאל,כרטיס אשראי,-461.76
06/03/2024,כאל,כאל,כרטיס אשראי,-36.95
05/03/2024,העברה נכנסת,סיליקון אדוויס והשקעות ב,משכורת,39600.0
04/03/2024,כאל,כאל,כרטיס אשראי,-41.38
04/03/2024,ע.מפעולות-ישיר,ע.מפעולות-ישיר,עמלות חשבון,-13.98
03/03/2024,כאל,כאל,כרטיס אשראי,-13545.45
01/03/2024,העברה יוצאת,רו ח יעקב כהן,רואה חשבון,-468.0
28/02/2024,"מע""מ","מע""מ",מעמ,-21520.0
28/02/2024,כאל,כאל,כרטיס אשראי,-561.68
28/02/2024,העברה יוצאת,וילקר צדוק,העברה יוצאת,-200.0
26/02/2024,כאל,כאל,כרטיס אשראי,-878.46
25/02/2024,כאל,כאל,כרטיס אשראי,-139.92
23/02/2024,כאל,כאל,כרטיס אשראי,-203.23
22/02/2024,כאל,כאל,כרטיס אשראי,-39.6
18/02/2024,כאל,כאל,כרטיס אשראי,-480.55
15/02/2024,כאל,כאל,כרטיס אשראי,-281.78
15/02/2024,העברה יוצאת,משרד התחבורה - רשיונות ר,העברה יוצאת,-1130.0
12/02/2024,העברה נכנסת,"ברון טורס בע""מ",העברה נכנסת,450.0
11/02/2024,כאל,כאל,כרטיס אשראי,-338.53
06/02/2024,העברה יוצאת,ברון טורס,העברה יוצאת,-450.0
05/02/2024,העברה יוצאת,וילקר צדוק,העברה יוצאת,-200.0
05/02/2024,העברה נכנסת,סיליקון אדוויס והשקעות ב,משכורת,39600.0
04/02/2024,כאל,כאל,כרטיס אשראי,-222.09
02/02/2024,כאל,כאל,כרטיס אשראי,-12172.26
01/02/2024,העברה יוצאת,רו ח יעקב כהן,רואה חשבון,-468.0
01/02/2024,כאל,כאל,כרטיס אשראי,-124.93
29/01/2024,משיכה מבנקט,משיכה מבנקט,העברה יוצאת,-1500.0
21/01/2024,כאל,כאל,כרטיס אשראי,-38.6
19/01/2024,מס הכנסה עצמאי,מס הכנסה עצמאי,מס הכנסה,-5000.0
14/01/2024,כאל,כאל,כרטיס אשראי,-613.78
12/01/2024,כאל,כאל,כרטיס אשראי,-55.73
09/01/2024,העברה נכנסת,VISA PAYMENTS LI,העברה נכנסת,0.14
09/01/2024,העברה נכנסת,VISA PAYMENTS LI,העברה נכנסת,0.19
07/01/2024,כאל,כאל,כרטיס אשראי,-140.7
07/01/2024,העברה יוצאת,רוח יעקב כהן,העברה יוצאת,-936.0
07/01/2024,העברה נכנסת,הדר כהן,העברה נכנסת,50.0
07/01/2024,העברה נכנסת,יעל בר חן,העברה נכנסת,50.0
07/01/2024,העברה נכנסת,אורי ציון אלון,העברה נכנסת,50.0
05/01/2024,כאל,כאל,כרטיס אשראי,-140.39
02/01/2024,כאל,כאל,כרטיס אשראי,-3150.27
02/01/2024,העברה נכנסת,סיליקון אדוויס והשקעות ב,משכורת,39600.0
28/12/2023,העברה יוצאת,אלטושלד שחם,העברה יוצאת,-6000.0
27/12/2023,העברה יוצאת,אלחנה בן סימון,העברה יוצאת,-250.0
27/12/2023,"ע' העברת מט""ח", עבור: 25k td,העברה יוצאת,-138.82
27/12/2023,מטח-קניה,מטח-קניה,העברה יוצאת,-91390.0
22/12/2023,כאל,כאל,כרטיס אשראי,-39.26
21/12/2023,העברה יוצאת,וילקר צדוק,העברה יוצאת,-200.0
17/12/2023,העברה נכנסת,סיליקון אדוויס והשקעות ב,משכורת,39600.0
13/12/2023,כאל,כאל,כרטיס אשראי,-55.32
06/12/2023,העברה נכנסת,סיליקון אדוויס והשקעות ב,משכורת,108509.0
04/12/2023,העברה יוצאת,וילקר צדוק,העברה יוצאת,-200.0
03/12/2023,כאל,כאל,כרטיס אשראי,-2813.67
01/12/2023,כאל,כאל,כרטיס אשראי,-71.47
20/11/2023,כאל,כאל,כרטיס אשראי,-143.48
19/11/2023,כאל,כאל,כרטיס אשראי,-575.42
17/11/2023,כאל,כאל,כרטיס אשראי,-56.38
10/11/2023,כאל,כאל,כרטיס אשראי,-107.71
09/11/2023,כאל,כאל,כרטיס אשראי,-66.12
09/11/2023,העברה נכנסת,יצחק יצחקי,העברה נכנסת,600.0
05/11/2023,משיכה מבנקט,משיכה מבנקט,העברה יוצאת,-105.0
05/11/2023,כאל,כאל,כרטיס אשראי,-68.53
02/11/2023,כאל,כאל,כרטיס אשראי,-2092.31
29/10/2023,כאל,כאל,כרטיס אשראי,-70.13
26/10/2023,כאל,כאל,כרטיס אשראי,-257.46
19/10/2023,העברה נכנסת,רונה בר חן,העברה נכנסת,240.0
17/10/2023,כאל,כאל,כרטיס אשראי,-212.77
10/10/2023,דירקט- מצטבר,דירקט- מצטבר,העברה יוצאת,-64.61
09/10/2023,העברה נכנסת,יוסף ברחן,העברה נכנסת,40.0
08/10/2023,כאל,כאל,כרטיס אשראי,-74.33
06/10/2023,כאל,כאל,כרטיס אשראי,-50.83
05/10/2023,העברה יוצאת,SPD hosting,העברה יוצאת,-65.0
02/10/2023,כאל,כאל,כרטיס אשראי,-1807.08
01/10/2023,"מופ""ת חובה", עבור: בר-חן יהונתן מזהה 211996954,משכורת,18702.24
22/09/2023,כאל,כאל,כרטיס אשראי,-66.99
22/09/2023,העברה נכנסת,רונה בר חן,העברה נכנסת,140.0
18/09/2023,כאל,כאל,כרטיס אשראי,-187.87
18/09/2023,העברה יוצאת,יוסף ברחן,העברה יוצאת,-200.0
08/09/2023,כאל,כאל,כרטיס אשראי,-148.09
08/09/2023,העברה יוצאת,יוסף ברחן,העברה יוצאת,-600.0
06/09/2023,כאל,כאל,כרטיס אשראי,-61.3
04/09/2023,כאל,כאל,כרטיס אשראי,-66.5
03/09/2023,כאל,כאל,כרטיס אשראי,-1019.57
03/09/2023,אי.אר.אן.ישראל,אי.אר.אן.ישראל,העברה יוצאת,-357.0
01/09/2023,"מופ""ת חובה", עבור: בר-חן יהונתן מזהה 211996954,משכורת,469.26
22/08/2023,כאל,כאל,כרטיס אשראי,-32.75
20/08/2023,כאל,כאל,כרטיס אשראי,-98.94
13/08/2023,כאל,כאל,כרטיס אשראי,-71.64
06/08/2023,עזר מציון,עזר מציון,העברה יוצאת,-40.0
06/08/2023,העברה נכנסת,עזר מציון,העברה נכנסת,40.0
02/08/2023,כאל,כאל,כרטיס אשראי,-1186.62
02/08/2023,אי.אר.אן.ישראל,אי.אר.אן.ישראל,העברה יוצאת,-357.0
01/08/2023,"מופ""ת חובה", עבור: בר-חן יהונתן מזהה 211996954,משכורת,2346.3
30/07/2023,כאל,כאל,כרטיס אשראי,-378.24
26/07/2023,כאל (תאריך ערך: 25/07),כאל (תאריך ערך: 25/07),כרטיס אשראי,141.23
24/07/2023,העברה נכנסת,יאיר בר חן,העברה נכנסת,1.0
23/07/2023,העברה נכנסת,רונה בר חן,העברה נכנסת,55.0
20/07/2023,אלטשולר גמל לכ, עבור: חצי ןתנוהי ןח-רב מזהה 211996954,העברה נכנסת,5621.73
05/07/2023,עזר מציון,עזר מציון,העברה יוצאת,-40.0
05/07/2023,העברה נכנסת,עזר מציון,העברה נכנסת,40.0
02/07/2023,אי.אר.אן.ישראל,אי.אר.אן.ישראל,העברה יוצאת,-357.0
02/07/2023,כאל,כאל,כרטיס אשראי,-1898.97
02/07/2023,כאל,כאל,כרטיס אשראי,-24.9
02/07/2023,"מופ""ת חובה", עבור: בר-חן יהונתן מזהה 211996954,משכורת,2346.3
29/06/2023,כאל,כאל,כרטיס אשראי,-140.64
12/06/2023,כאל,כאל,כרטיס אשראי,-17.63
07/06/2023,העברה נכנסת,אור לבוב,העברה נכנסת,25.0
07/06/2023,העברה נכנסת,עומרי אבוחצירה,העברה נכנסת,25.0
07/06/2023,העברה נכנסת,ליאור אביגדורי,העברה נכנסת,25.0
06/06/2023,העברה נכנסת,רונה בר חן,העברה נכנסת,250.0
04/06/2023,אי.אר.אן.ישראל,אי.אר.אן.ישראל,העברה יוצאת,-357.0
04/06/2023,כאל,כאל,כרטיס אשראי,-38.54
02/06/2023,כאל,כאל,כרטיס אשראי,-2013.17
01/06/2023,"מופ""ת חובה", עבור: בר-חן יהונתן מזהה 211996954,משכורת,2346.3
28/05/2023,כאל,כאל,כרטיס אשראי,-10.44
25/05/2023,כאל,כאל,כרטיס אשראי,-76.09
25/05/2023,העברה נכנסת,הדר כהן,העברה נכנסת,20.0
21/05/2023,כאל (תאריך ערך: 19/05),כאל (תאריך ערך: 19/05),כרטיס אשראי,-112.34
21/05/2023,העברה נכנסת,נועם נוילנדר,העברה נכנסת,85.0
10/05/2023,העברה נכנסת,מאיר סבאג,העברה נכנסת,13.0
07/05/2023,כאל,כאל,כרטיס אשראי,-1876.35
02/05/2023,אי.אר.אן.ישראל,אי.אר.אן.ישראל,העברה יוצאת,-357.0
02/05/2023,כאל,כאל,כרטיס אשראי,-1027.25
01/05/2023,"מופ""ת חובה", עבור: בר-חן יהונתן מזהה 211996954,משכורת,2346.3
